[{"duration":738,"startTime":1022,"endTime":1760,"keyIndex":12,"swar":"s"},{"duration":1540,"startTime":1649,"endTime":3189,"keyIndex":19,"swar":"p"},{"duration":1095,"startTime":3075,"endTime":4170,"keyIndex":23,"swar":"n"},{"duration":1046,"startTime":3947,"endTime":4993,"keyIndex":19,"swar":"p"},{"duration":1247,"startTime":4772,"endTime":6019,"keyIndex":21,"swar":"d"},{"duration":1070,"startTime":5819,"endTime":6889,"keyIndex":19,"swar":"p"},{"duration":916,"startTime":6646,"endTime":7562,"keyIndex":16,"swar":"g"},{"duration":1213,"startTime":7414,"endTime":8627,"keyIndex":18,"swar":"M"},{"duration":1737,"startTime":8308,"endTime":10045,"keyIndex":16,"swar":"g"}]