[{"duration":845,"startTime":1677,"endTime":2522,"keyIndex":16,"swar":"g"},{"duration":691,"startTime":2324,"endTime":3015,"keyIndex":12,"swar":"s"},{"duration":880,"startTime":2896,"endTime":3776,"keyIndex":14,"swar":"r"},{"duration":2012,"startTime":3619,"endTime":5631,"keyIndex":12,"swar":"s"},{"duration":794,"startTime":5516,"endTime":6310,"keyIndex":11,"swar":"nl"},{"duration":681,"startTime":6120,"endTime":6801,"keyIndex":7,"swar":"pl"},{"duration":1002,"startTime":6620,"endTime":7622,"keyIndex":9,"swar":"dl"},{"duration":842,"startTime":7455,"endTime":8297,"keyIndex":7,"swar":"pl"},{"duration":956,"startTime":8224,"endTime":9180,"keyIndex":11,"swar":"nl"},{"duration":1249,"startTime":8956,"endTime":10205,"keyIndex":12,"swar":"s"}]