[{"duration":551,"startTime":1447,"endTime":1998,"keyIndex":11,"swar":"nl"},{"duration":547,"startTime":1931,"endTime":2478,"keyIndex":12,"swar":"s"},{"duration":370,"startTime":2464,"endTime":2834,"keyIndex":16,"swar":"g"},{"duration":1901,"startTime":2779,"endTime":4680,"keyIndex":18,"swar":"M"},{"duration":568,"startTime":4592,"endTime":5160,"keyIndex":16,"swar":"g"},{"duration":480,"startTime":5087,"endTime":5567,"keyIndex":12,"swar":"s"},{"duration":615,"startTime":5496,"endTime":6111,"keyIndex":14,"swar":"r"},{"duration":2287,"startTime":6039,"endTime":8326,"keyIndex":12,"swar":"s"}]