[{"duration":772,"startTime":960,"endTime":1732,"keyIndex":12,"swar":"s"},{"duration":608,"startTime":1652,"endTime":2260,"keyIndex":11,"swar":"nl"},{"duration":480,"startTime":2156,"endTime":2636,"keyIndex":7,"swar":"pl"},{"duration":636,"startTime":2524,"endTime":3160,"keyIndex":9,"swar":"dl"},{"duration":1321,"startTime":3064,"endTime":4385,"keyIndex":7,"swar":"pl"},{"duration":560,"startTime":4329,"endTime":4889,"keyIndex":11,"swar":"nl"},{"duration":1856,"startTime":4796,"endTime":6652,"keyIndex":12,"swar":"s"},{"duration":479,"startTime":6924,"endTime":7403,"keyIndex":12,"swar":"s"},{"duration":714,"startTime":7393,"endTime":8107,"keyIndex":11,"swar":"nl"},{"duration":490,"startTime":8009,"endTime":8499,"keyIndex":7,"swar":"pl"},{"duration":568,"startTime":8359,"endTime":8927,"keyIndex":9,"swar":"dl"},{"duration":1626,"startTime":8843,"endTime":10469,"keyIndex":7,"swar":"pl"},{"duration":647,"startTime":10401,"endTime":11048,"keyIndex":11,"swar":"nl"},{"duration":1567,"startTime":10940,"endTime":12507,"keyIndex":12,"swar":"s"}]