[{"duration":830,"startTime":1313,"endTime":2143,"keyIndex":12,"swar":"s"},{"duration":444,"startTime":2043,"endTime":2487,"keyIndex":19,"swar":"p"},{"duration":541,"startTime":2414,"endTime":2955,"keyIndex":16,"swar":"g"},{"duration":1076,"startTime":2917,"endTime":3993,"keyIndex":18,"swar":"M"},{"duration":1718,"startTime":3802,"endTime":5520,"keyIndex":16,"swar":"g"},{"duration":541,"startTime":5445,"endTime":5986,"keyIndex":12,"swar":"s"},{"duration":1308,"startTime":5889,"endTime":7197,"keyIndex":14,"swar":"r"},{"duration":496,"startTime":7045,"endTime":7541,"keyIndex":12,"swar":"s"},{"duration":849,"startTime":7419,"endTime":8268,"keyIndex":11,"swar":"nl"},{"duration":2602,"startTime":8174,"endTime":10776,"keyIndex":12,"swar":"s"},{"duration":765,"startTime":10685,"endTime":11450,"keyIndex":7,"swar":"pl"},{"duration":1256,"startTime":11374,"endTime":12630,"keyIndex":11,"swar":"nl"},{"duration":2438,"startTime":12318,"endTime":14756,"keyIndex":12,"swar":"s"},{"duration":856,"startTime":14650,"endTime":15506,"keyIndex":11,"swar":"nl"},{"duration":516,"startTime":15357,"endTime":15873,"keyIndex":12,"swar":"s"},{"duration":898,"startTime":15778,"endTime":16676,"keyIndex":11,"swar":"nl"},{"duration":3450,"startTime":16346,"endTime":19796,"keyIndex":12,"swar":"s"},{"duration":439,"startTime":19690,"endTime":20129,"keyIndex":19,"swar":"p"},{"duration":531,"startTime":20057,"endTime":20588,"keyIndex":16,"swar":"g"},{"duration":1095,"startTime":20525,"endTime":21620,"keyIndex":18,"swar":"M"},{"duration":1077,"startTime":21376,"endTime":22453,"keyIndex":16,"swar":"g"},{"duration":497,"startTime":22369,"endTime":22866,"keyIndex":12,"swar":"s"},{"duration":1200,"startTime":22773,"endTime":23973,"keyIndex":14,"swar":"r"},{"duration":613,"startTime":23892,"endTime":24505,"keyIndex":12,"swar":"s"},{"duration":771,"startTime":24421,"endTime":25192,"keyIndex":11,"swar":"nl"},{"duration":2950,"startTime":24974,"endTime":27924,"keyIndex":12,"swar":"s"}]