[{"duration":425,"startTime":1576,"endTime":2001,"keyIndex":12,"swar":"s"},{"duration":531,"startTime":1984,"endTime":2515,"keyIndex":16,"swar":"g"},{"duration":536,"startTime":2420,"endTime":2956,"keyIndex":18,"swar":"M"},{"duration":1836,"startTime":2812,"endTime":4648,"keyIndex":19,"swar":"p"},{"duration":802,"startTime":4521,"endTime":5323,"keyIndex":16,"swar":"g"},{"duration":1322,"startTime":5213,"endTime":6535,"keyIndex":18,"swar":"M"},{"duration":1872,"startTime":6185,"endTime":8057,"keyIndex":16,"swar":"g"},{"duration":631,"startTime":7888,"endTime":8519,"keyIndex":12,"swar":"s"},{"duration":1066,"startTime":8379,"endTime":9445,"keyIndex":14,"swar":"r"},{"duration":1772,"startTime":9236,"endTime":11008,"keyIndex":12,"swar":"s"}]