[{"duration":350,"startTime":1172,"endTime":1522,"keyIndex":12,"swar":"s"},{"duration":434,"startTime":1524,"endTime":1958,"keyIndex":16,"swar":"g"},{"duration":409,"startTime":1866,"endTime":2275,"keyIndex":18,"swar":"M"},{"duration":1213,"startTime":2200,"endTime":3413,"keyIndex":19,"swar":"p"},{"duration":282,"startTime":3314,"endTime":3596,"keyIndex":16,"swar":"g"},{"duration":373,"startTime":3524,"endTime":3897,"keyIndex":18,"swar":"M"},{"duration":666,"startTime":3844,"endTime":4510,"keyIndex":16,"swar":"g"},{"duration":1034,"startTime":4340,"endTime":5374,"keyIndex":18,"swar":"M"},{"duration":1601,"startTime":5065,"endTime":6666,"keyIndex":16,"swar":"g"},{"duration":669,"startTime":6574,"endTime":7243,"keyIndex":12,"swar":"s"},{"duration":976,"startTime":7134,"endTime":8110,"keyIndex":14,"swar":"r"},{"duration":1298,"startTime":7880,"endTime":9178,"keyIndex":12,"swar":"s"}]