[{"duration":771,"startTime":1349,"endTime":2120,"keyIndex":12,"swar":"s"},{"duration":488,"startTime":2014,"endTime":2502,"keyIndex":19,"swar":"p"},{"duration":572,"startTime":2394,"endTime":2966,"keyIndex":16,"swar":"g"},{"duration":1294,"startTime":2867,"endTime":4161,"keyIndex":18,"swar":"M"},{"duration":2106,"startTime":3950,"endTime":6056,"keyIndex":16,"swar":"g"},{"duration":453,"startTime":5981,"endTime":6434,"keyIndex":12,"swar":"s"},{"duration":1151,"startTime":6322,"endTime":7473,"keyIndex":14,"swar":"r"},{"duration":572,"startTime":7357,"endTime":7929,"keyIndex":12,"swar":"s"},{"duration":728,"startTime":7834,"endTime":8562,"keyIndex":11,"swar":"nl"},{"duration":2614,"startTime":8407,"endTime":11021,"keyIndex":12,"swar":"s"},{"duration":1085,"startTime":10928,"endTime":12013,"keyIndex":7,"swar":"pl"},{"duration":1419,"startTime":11835,"endTime":13254,"keyIndex":11,"swar":"nl"},{"duration":2973,"startTime":12730,"endTime":15703,"keyIndex":12,"swar":"s"},{"duration":2178,"startTime":15555,"endTime":17733,"keyIndex":11,"swar":"nl"},{"duration":3506,"startTime":17094,"endTime":20600,"keyIndex":12,"swar":"s"},{"duration":427,"startTime":20497,"endTime":20924,"keyIndex":19,"swar":"p"},{"duration":548,"startTime":20853,"endTime":21401,"keyIndex":16,"swar":"g"},{"duration":1199,"startTime":21302,"endTime":22501,"keyIndex":18,"swar":"M"},{"duration":1446,"startTime":22277,"endTime":23723,"keyIndex":16,"swar":"g"},{"duration":552,"startTime":23617,"endTime":24169,"keyIndex":12,"swar":"s"},{"duration":1049,"startTime":24049,"endTime":25098,"keyIndex":14,"swar":"r"},{"duration":583,"startTime":24992,"endTime":25575,"keyIndex":12,"swar":"s"},{"duration":869,"startTime":25469,"endTime":26338,"keyIndex":11,"swar":"nl"},{"duration":2493,"startTime":26105,"endTime":28598,"keyIndex":12,"swar":"s"},{"duration":753,"startTime":30196,"endTime":30949,"keyIndex":16,"swar":"g"},{"duration":1042,"startTime":30862,"endTime":31904,"keyIndex":18,"swar":"M"},{"duration":2455,"startTime":31665,"endTime":34120,"keyIndex":19,"swar":"p"},{"duration":779,"startTime":34290,"endTime":35069,"keyIndex":19,"swar":"p"},{"duration":801,"startTime":34932,"endTime":35733,"keyIndex":23,"swar":"n"},{"duration":404,"startTime":35626,"endTime":36030,"keyIndex":24,"swar":"su"},{"duration":974,"startTime":35962,"endTime":36936,"keyIndex":23,"swar":"n"},{"duration":2875,"startTime":36750,"endTime":39625,"keyIndex":24,"swar":"su"},{"duration":629,"startTime":39587,"endTime":40216,"keyIndex":23,"swar":"n"},{"duration":335,"startTime":40145,"endTime":40480,"keyIndex":19,"swar":"p"},{"duration":973,"startTime":40399,"endTime":41372,"keyIndex":21,"swar":"d"},{"duration":1683,"startTime":41226,"endTime":42909,"keyIndex":19,"swar":"p"},{"duration":628,"startTime":42812,"endTime":43440,"keyIndex":16,"swar":"g"},{"duration":1052,"startTime":43312,"endTime":44364,"keyIndex":18,"swar":"M"},{"duration":741,"startTime":44200,"endTime":44941,"keyIndex":16,"swar":"g"},{"duration":575,"startTime":44877,"endTime":45452,"keyIndex":12,"swar":"s"},{"duration":1011,"startTime":45321,"endTime":46332,"keyIndex":14,"swar":"r"},{"duration":1747,"startTime":46187,"endTime":47934,"keyIndex":12,"swar":"s"}]