[{"duration":671,"startTime":1409,"endTime":2080,"keyIndex":12,"swar":"s"},{"duration":1270,"startTime":1971,"endTime":3241,"keyIndex":19,"swar":"p"},{"duration":689,"startTime":3127,"endTime":3816,"keyIndex":16,"swar":"g"},{"duration":1090,"startTime":3630,"endTime":4720,"keyIndex":18,"swar":"M"},{"duration":1531,"startTime":4541,"endTime":6072,"keyIndex":16,"swar":"g"},{"duration":743,"startTime":5964,"endTime":6707,"keyIndex":19,"swar":"p"},{"duration":588,"startTime":6604,"endTime":7192,"keyIndex":16,"swar":"g"},{"duration":1108,"startTime":7061,"endTime":8169,"keyIndex":18,"swar":"M"},{"duration":2265,"startTime":7903,"endTime":10168,"keyIndex":16,"swar":"g"},{"duration":1067,"startTime":10013,"endTime":11080,"keyIndex":12,"swar":"s"},{"duration":1047,"startTime":10936,"endTime":11983,"keyIndex":14,"swar":"r"},{"duration":761,"startTime":11848,"endTime":12609,"keyIndex":12,"swar":"s"},{"duration":755,"startTime":12504,"endTime":13259,"keyIndex":11,"swar":"nl"},{"duration":2837,"startTime":13204,"endTime":16041,"keyIndex":12,"swar":"s"}]