[{"duration":1157,"startTime":1880,"endTime":3037,"keyIndex":16,"swar":"g"},{"duration":1432,"startTime":2850,"endTime":4282,"keyIndex":19,"swar":"p"},{"duration":4824,"startTime":3874,"endTime":8698,"keyIndex":23,"swar":"n"},{"duration":528,"startTime":8535,"endTime":9063,"keyIndex":24,"swar":"su"},{"duration":1095,"startTime":8966,"endTime":10061,"keyIndex":23,"swar":"n"},{"duration":2927,"startTime":9862,"endTime":12789,"keyIndex":24,"swar":"su"},{"duration":941,"startTime":12673,"endTime":13614,"keyIndex":23,"swar":"n"},{"duration":513,"startTime":13506,"endTime":14019,"keyIndex":19,"swar":"p"},{"duration":1079,"startTime":13879,"endTime":14958,"keyIndex":21,"swar":"d"},{"duration":2868,"startTime":14730,"endTime":17598,"keyIndex":19,"swar":"p"},{"duration":708,"startTime":17477,"endTime":18185,"keyIndex":16,"swar":"g"},{"duration":1175,"startTime":18034,"endTime":19209,"keyIndex":18,"swar":"M"},{"duration":868,"startTime":19018,"endTime":19886,"keyIndex":16,"swar":"g"},{"duration":708,"startTime":19815,"endTime":20523,"keyIndex":12,"swar":"s"},{"duration":1427,"startTime":20362,"endTime":21789,"keyIndex":14,"swar":"r"},{"duration":1971,"startTime":21443,"endTime":23414,"keyIndex":12,"swar":"s"}]